date,open,high,low,close,volume
20191211 003000,1.31899,1.32017,1.31538,1.31568,8471
20191211 013000,1.31568,1.31608,1.31077,1.31229,9768
20191211 023000,1.31229,1.31318,1.31127,1.31293,9689
20191211 033000,1.31293,1.3136,1.31273,1.31343,7603
20191211 043000,1.31343,1.31365,1.31301,1.31335,6958
20191211 053000,1.31335,1.31358,1.31294,1.31355,5185
20191211 063000,1.31355,1.31396,1.31327,1.31375,5373
20191211 073000,1.31375,1.31466,1.31368,1.3138,4324
20191211 083000,1.3138,1.31458,1.31365,1.31374,3285
20191211 093000,1.31374,1.31404,1.31309,1.31322,6665
20191211 103000,1.31322,1.31365,1.31135,1.31155,13224
20191211 113000,1.31155,1.31473,1.31117,1.31381,21024
20191211 123000,1.31381,1.31572,1.31357,1.31387,17820
20191211 133000,1.31387,1.31564,1.31379,1.31531,14459
20191211 143000,1.31531,1.31593,1.31465,1.31506,11621
20191211 153000,1.31506,1.31544,1.31415,1.31439,12840
20191211 163000,1.31439,1.31737,1.31438,1.31704,18697
20191211 173000,1.31704,1.31865,1.31678,1.31823,18210
20191211 183000,1.31823,1.31844,1.31712,1.31767,14949
20191211 193000,1.31767,1.31828,1.31723,1.31756,10415
20191211 203000,1.31756,1.31826,1.31702,1.31718,9606
20191211 213000,1.31718,1.31837,1.31697,1.31773,8450
20191211 223000,1.31773,1.32075,1.31683,1.32072,20388
20191211 233000,1.32072,1.32136,1.31976,1.32074,15016
20191212 003000,1.32074,1.32076,1.3191,1.31953,5389
20191212 013000,1.31953,1.32072,1.31936,1.31994,3413
20191212 023000,1.31994,1.32004,1.31941,1.31999,5928
20191212 033000,1.31999,1.32104,1.31995,1.32082,5442
20191212 043000,1.32082,1.32298,1.32037,1.32223,6097
20191212 053000,1.32223,1.32265,1.32183,1.32257,5099
20191212 063000,1.32257,1.32268,1.32208,1.32234,4201
20191212 073000,1.32234,1.32235,1.32173,1.32178,2709
20191212 083000,1.32178,1.32191,1.32094,1.321,3363
20191212 093000,1.321,1.32149,1.32058,1.32102,4316
20191212 103000,1.32102,1.3223,1.32096,1.32208,9680
20191212 113000,1.32208,1.32208,1.32019,1.32086,13440
20191212 123000,1.32086,1.32138,1.31836,1.31836,12276
20191212 133000,1.31836,1.31998,1.31811,1.31972,11942
20191212 143000,1.31972,1.31987,1.31505,1.31812,30157
20191212 153000,1.31812,1.31815,1.31603,1.3176,12756
20191212 163000,1.3176,1.31795,1.3116,1.31552,33454
20191212 173000,1.31552,1.31767,1.31465,1.31494,34178
20191212 183000,1.31494,1.31525,1.31097,1.31208,35267
20191212 193000,1.31208,1.31422,1.31155,1.31307,21590
20191212 203000,1.31307,1.31413,1.31062,1.31093,19364
20191212 213000,1.31093,1.3116,1.30506,1.30871,28610
20191212 223000,1.30871,1.31413,1.3067,1.3135,34855
20191212 233000,1.3135,1.31848,1.31315,1.3171,32487
20191213 003000,1.3171,1.31836,1.3151,1.31695,12781
20191213 013000,1.31695,1.35153,1.31695,1.34579,19578
20191213 023000,1.34579,1.34838,1.34514,1.34737,23343
20191213 033000,1.34737,1.34811,1.34491,1.34559,15073
20191213 043000,1.34559,1.34951,1.34521,1.34927,16231
20191213 053000,1.34927,1.35078,1.34741,1.34777,10720
20191213 063000,1.34777,1.34811,1.34474,1.3479,12490
20191213 073000,1.3479,1.34832,1.3454,1.34562,8970
20191213 083000,1.34562,1.34785,1.34562,1.34747,6579
20191213 093000,1.34747,1.348,1.34297,1.34485,13415
20191213 103000,1.34485,1.34565,1.34137,1.34166,39934
20191213 113000,1.34166,1.34298,1.33988,1.34048,31898
20191213 123000,1.34048,1.3421,1.33575,1.34157,34317
20191213 133000,1.34157,1.34188,1.33766,1.33926,24057
20191213 143000,1.33926,1.3404,1.33807,1.33884,19732
20191213 153000,1.33884,1.33951,1.33798,1.33885,16335
20191213 163000,1.33885,1.339,1.33129,1.33326,30557
20191213 173000,1.33326,1.33451,1.33057,1.33293,43033
20191213 183000,1.33293,1.33681,1.33059,1.33428,59937
20191213 193000,1.33428,1.33574,1.33152,1.33469,33357
20191213 203000,1.33469,1.335,1.33188,1.33218,19947
20191213 213000,1.33218,1.33357,1.33199,1.33317,13210
20191213 223000,1.33317,1.3341,1.33293,1.33388,13042
20191213 233000,1.33388,1.3345,1.33332,1.33434,12591
20191214 003000,1.33434,1.33452,1.33304,1.33325,6127
20191215 223000,1.33325,1.33382,1.33314,1.33351,7
20191215 233000,1.33351,1.33456,1.33351,1.33388,38
20191216 003000,1.33388,1.33452,1.33375,1.334,28
20191216 013000,1.334,1.33457,1.33375,1.33442,605
20191216 023000,1.33442,1.33551,1.33435,1.33537,12354
20191216 033000,1.33537,1.33589,1.33509,1.33579,6436
20191216 043000,1.33579,1.33638,1.33554,1.33635,4818
20191216 053000,1.33635,1.33907,1.33635,1.33876,8724
20191216 063000,1.33876,1.33988,1.33865,1.33904,7536
20191216 073000,1.33904,1.33925,1.33854,1.33866,3505
20191216 083000,1.33866,1.33935,1.33844,1.33886,3563
20191216 093000,1.33886,1.34224,1.33846,1.34181,8906
20191216 103000,1.34181,1.34187,1.3382,1.339,17172
20191216 113000,1.339,1.339,1.33582,1.33639,24340
20191216 123000,1.33639,1.33651,1.33232,1.33338,23293
20191216 133000,1.33338,1.33678,1.33327,1.33677,16091
20191216 143000,1.33677,1.33745,1.33579,1.33717,12628
20191216 153000,1.33717,1.33797,1.33611,1.33783,13423
20191216 163000,1.33783,1.33788,1.33298,1.33432,18551
20191216 173000,1.33432,1.33485,1.33246,1.33443,16158
20191216 183000,1.33443,1.33628,1.33291,1.33334,18255
20191216 193000,1.33334,1.33425,1.33252,1.3329,16901
20191216 203000,1.3329,1.33306,1.33215,1.33263,10089
20191216 213000,1.33263,1.33464,1.33211,1.33448,7428
20191216 223000,1.33448,1.33507,1.33357,1.33505,7897
20191216 233000,1.33505,1.33539,1.33444,1.33464,6259
20191217 003000,1.33464,1.33465,1.33308,1.33359,4565
20191217 013000,1.33359,1.33406,1.32653,1.32876,4559
20191217 023000,1.32876,1.32972,1.3236,1.32678,16849
20191217 033000,1.32678,1.32817,1.32632,1.32801,9882
20191217 043000,1.32801,1.32922,1.32742,1.32809,7370
20191217 053000,1.32809,1.32843,1.32751,1.32841,4071
20191217 063000,1.32841,1.32973,1.3284,1.32967,5999
20191217 073000,1.32967,1.32998,1.32925,1.32952,4002
20191217 083000,1.32952,1.3301,1.32837,1.32863,5402
20191217 093000,1.32863,1.32916,1.32589,1.32669,9129
20191217 103000,1.32669,1.32735,1.32501,1.32538,15671
20191217 113000,1.32538,1.32635,1.31615,1.3201,40683
20191217 123000,1.3201,1.32212,1.31553,1.31938,30614
20191217 133000,1.31938,1.32151,1.31849,1.32054,19890
20191217 143000,1.32054,1.32141,1.31947,1.32072,14210
20191217 153000,1.32072,1.32102,1.31807,1.31815,16822
20191217 163000,1.31815,1.31839,1.31319,1.31453,32242
20191217 173000,1.31453,1.31607,1.31367,1.31599,18373
20191217 183000,1.31599,1.31738,1.31344,1.31377,24096
20191217 193000,1.31377,1.31448,1.30996,1.31154,23875
20191217 203000,1.31154,1.31337,1.31058,1.31304,16849
20191217 213000,1.31304,1.31316,1.31144,1.31173,10186
20191217 223000,1.31173,1.31258,1.31111,1.31195,6998
20191217 233000,1.31195,1.31274,1.31162,1.31237,6716
20191218 003000,1.31237,1.31392,1.31213,1.31313,7898
20191218 013000,1.31313,1.31357,1.31219,1.31303,3672
20191218 023000,1.31303,1.31344,1.31185,1.31225,5247
20191218 033000,1.31225,1.31227,1.31059,1.31128,13936
20191218 043000,1.31128,1.31132,1.30898,1.30959,19448
20191218 053000,1.30959,1.30979,1.30727,1.30902,9961
20191218 063000,1.30902,1.31037,1.30889,1.31016,5470
20191218 073000,1.31016,1.31046,1.30889,1.30988,5890
20191218 083000,1.30988,1.31115,1.30935,1.31113,5487
20191218 093000,1.31113,1.31295,1.30928,1.31266,8633
20191218 103000,1.31266,1.31271,1.30831,1.30906,23959
20191218 113000,1.30906,1.31221,1.30771,1.30998,28286
20191218 123000,1.30998,1.31272,1.30921,1.31117,20952
20191218 133000,1.31117,1.31189,1.30927,1.30974,11976
20191218 143000,1.30974,1.31178,1.30914,1.30979,20361
20191218 153000,1.30979,1.31015,1.30793,1.30813,20197
20191218 163000,1.30813,1.30832,1.306,1.30796,23454
20191218 173000,1.30796,1.30897,1.30698,1.30718,19792
20191218 183000,1.30718,1.30887,1.30605,1.30734,23573
20191218 193000,1.30734,1.30804,1.30625,1.30765,21590
20191218 203000,1.30765,1.3085,1.30702,1.30832,13885
20191218 213000,1.30832,1.30863,1.30711,1.30725,9488
20191218 223000,1.30725,1.30887,1.30725,1.30846,10588
20191218 233000,1.30846,1.30886,1.30797,1.30869,6654
20191219 003000,1.30869,1.30872,1.30773,1.30792,3438
20191219 013000,1.30792,1.30879,1.3072,1.30815,2822
20191219 023000,1.30815,1.30883,1.30801,1.30847,6025
20191219 033000,1.30847,1.30857,1.30775,1.30825,5596
20191219 043000,1.30825,1.30888,1.30806,1.30866,4989
20191219 053000,1.30866,1.30908,1.30805,1.30815,3367
20191219 063000,1.30815,1.30895,1.30798,1.30864,2726
20191219 073000,1.30864,1.30864,1.30798,1.30812,4671
20191219 083000,1.30812,1.30859,1.30792,1.30841,3474
20191219 093000,1.30841,1.30951,1.30768,1.30947,3696
20191219 103000,1.30947,1.31205,1.30923,1.31135,11545
20191219 113000,1.31135,1.31278,1.3098,1.31006,16943
20191219 123000,1.31006,1.31122,1.30845,1.31061,16599
20191219 133000,1.31061,1.31147,1.30942,1.31046,13125
20191219 143000,1.31046,1.31071,1.30508,1.30676,18047
20191219 153000,1.30676,1.31333,1.30626,1.30791,35564
20191219 163000,1.30791,1.30853,1.30235,1.30591,33008
20191219 173000,1.30591,1.30662,1.30349,1.30382,21387
20191219 183000,1.30382,1.30413,1.30069,1.3027,35556
20191219 193000,1.3027,1.30392,1.299,1.30333,28414
20191219 203000,1.30333,1.30422,1.30254,1.30393,16574
20191219 213000,1.30393,1.30403,1.30178,1.30229,11827
20191219 223000,1.30229,1.30247,1.30061,1.30124,10725
20191219 233000,1.30124,1.30236,1.30116,1.30127,9006
20191220 003000,1.30127,1.30155,1.29967,1.30097,4708
20191220 013000,1.30097,1.30127,1.30068,1.30077,1307
20191220 023000,1.30077,1.30182,1.30075,1.30175,4720
20191220 033000,1.30175,1.30185,1.30072,1.30096,4183
20191220 043000,1.30096,1.30208,1.30089,1.30204,5522
20191220 053000,1.30204,1.30213,1.30173,1.30196,2370
20191220 063000,1.30196,1.30229,1.30184,1.30224,3243
20191220 073000,1.30224,1.30289,1.30181,1.30212,3122
20191220 083000,1.30212,1.30249,1.30196,1.302,2769
20191220 093000,1.302,1.30272,1.30133,1.30258,4149
20191220 103000,1.30258,1.30374,1.30109,1.30146,10544
20191220 113000,1.30146,1.30358,1.30119,1.30357,12974
20191220 123000,1.30357,1.30476,1.30247,1.30405,12985
20191220 133000,1.30405,1.30486,1.30363,1.30466,10088
20191220 143000,1.30466,1.30491,1.30171,1.30206,16229
20191220 153000,1.30206,1.3033,1.30168,1.30303,10244
20191220 163000,1.30303,1.30576,1.30249,1.30556,15421
20191220 173000,1.30556,1.30577,1.30322,1.3037,16650
20191220 183000,1.3037,1.30797,1.30352,1.30487,22735
20191220 193000,1.30487,1.30572,1.30314,1.30348,15329
20191220 203000,1.30348,1.30423,1.30198,1.30215,11971
20191220 213000,1.30215,1.30252,1.30056,1.30108,11717
20191220 223000,1.30108,1.30198,1.30082,1.3015,9281
20191220 233000,1.3015,1.30167,1.30033,1.30046,10130
20191221 003000,1.30046,1.30075,1.29787,1.30002,7823
20191222 223000,1.30002,1.30005,1.29993,1.29996,1
20191222 233000,1.29996,1.30121,1.29986,1.29994,24
20191223 003000,1.29994,1.3011,1.29942,1.30019,112
20191223 013000,1.30019,1.30054,1.29901,1.29988,1620
20191223 023000,1.29988,1.30143,1.29932,1.30059,5172
20191223 033000,1.30059,1.30099,1.30022,1.30054,5665
20191223 043000,1.30054,1.30147,1.30038,1.3013,5340
20191223 053000,1.3013,1.30143,1.30054,1.30106,2980
20191223 063000,1.30106,1.30166,1.30085,1.30105,3636
20191223 073000,1.30105,1.30134,1.3009,1.3009,2061
20191223 083000,1.3009,1.30146,1.30082,1.30138,2700
20191223 093000,1.30138,1.30246,1.30128,1.30173,5678
20191223 103000,1.30173,1.30206,1.30049,1.30187,9459
20191223 113000,1.30187,1.30321,1.30143,1.3025,13126
20191223 123000,1.3025,1.30251,1.30097,1.30099,10178
20191223 133000,1.30099,1.30125,1.29663,1.29773,18425
20191223 143000,1.29773,1.29838,1.29672,1.29817,13270
20191223 153000,1.29817,1.29828,1.29282,1.29356,24410
20191223 163000,1.29356,1.29356,1.29049,1.29245,21563
20191223 173000,1.29245,1.29416,1.29185,1.29352,17839
20191223 183000,1.29352,1.29592,1.29179,1.29244,24150
20191223 193000,1.29244,1.29309,1.29094,1.29155,16166
20191223 203000,1.29155,1.29373,1.29113,1.29342,14090
20191223 213000,1.29342,1.29376,1.29228,1.29323,8081
20191223 223000,1.29323,1.2941,1.29317,1.2939,6924
20191223 233000,1.2939,1.29469,1.29361,1.2943,6529
20191224 003000,1.2943,1.2943,1.29338,1.29363,4604
20191224 013000,1.29363,1.29457,1.29333,1.29392,1381
20191224 023000,1.29392,1.29459,1.29374,1.29436,5691
20191224 033000,1.29436,1.29475,1.29388,1.29432,4827
20191224 043000,1.29432,1.2945,1.29377,1.29391,5102
20191224 053000,1.29391,1.29464,1.29369,1.29458,4055
20191224 063000,1.29458,1.29471,1.29434,1.29445,6183
20191224 073000,1.29445,1.2947,1.29376,1.29437,3227
20191224 083000,1.29437,1.29468,1.29395,1.29415,4416
20191224 093000,1.29415,1.29458,1.29394,1.29419,4708
20191224 103000,1.29419,1.29475,1.2922,1.29261,8590
20191224 113000,1.29261,1.29435,1.29224,1.29335,13123
20191224 123000,1.29335,1.29366,1.29254,1.29295,12193
20191224 133000,1.29295,1.29422,1.29272,1.294,11096
20191224 143000,1.294,1.29581,1.29342,1.29474,15945
20191224 153000,1.29474,1.29629,1.2941,1.29542,12810
20191224 163000,1.29542,1.29589,1.29447,1.29467,11967
20191224 173000,1.29467,1.29569,1.29466,1.29554,8958
20191224 183000,1.29554,1.29634,1.29506,1.2963,11770
20191224 193000,1.2963,1.29683,1.29527,1.29536,9129
20191224 203000,1.29536,1.29712,1.29525,1.29671,9029
20191224 213000,1.29671,1.29684,1.29541,1.29585,6519
20191224 223000,1.29585,1.29598,1.29559,1.29588,78
20191226 093000,1.29588,1.29964,1.29588,1.29963,28
20191226 103000,1.29963,1.2997,1.29904,1.29906,3337
20191226 113000,1.29906,1.29922,1.29813,1.29897,5541
20191226 123000,1.29897,1.29902,1.29815,1.29821,4290
20191226 133000,1.29821,1.29825,1.29644,1.29682,10689
20191226 143000,1.29682,1.29726,1.29602,1.29631,11251
20191226 153000,1.29631,1.2973,1.29628,1.2968,5134
20191226 163000,1.2968,1.29957,1.29668,1.29853,6580
20191226 173000,1.29853,1.29933,1.29834,1.29896,5630
20191226 183000,1.29896,1.29999,1.29856,1.29996,6812
20191226 193000,1.29996,1.30161,1.29965,1.30054,7269
20191226 203000,1.30054,1.30158,1.30052,1.30087,6599
20191226 213000,1.30087,1.30147,1.30085,1.30138,4826
20191226 223000,1.30138,1.30141,1.3005,1.30058,3452
20191226 233000,1.30058,1.30068,1.3,1.30041,4762
20191227 003000,1.30041,1.30047,1.29899,1.29936,4425
20191227 013000,1.29936,1.29998,1.29923,1.29981,124
20191227 023000,1.29981,1.30037,1.2993,1.30011,5713
20191227 033000,1.30011,1.30043,1.29946,1.29967,8332
20191227 043000,1.29967,1.29974,1.29683,1.29788,9371
20191227 053000,1.29788,1.29956,1.29765,1.29895,6651
20191227 063000,1.29895,1.30007,1.29865,1.30003,4592
20191227 073000,1.30003,1.30076,1.2999,1.30054,3703
20191227 083000,1.30054,1.30055,1.2993,1.2995,3884
20191227 093000,1.2995,1.30145,1.29928,1.30084,7910
20191227 103000,1.30084,1.30398,1.30035,1.3038,13446
20191227 113000,1.3038,1.30757,1.30233,1.30655,25747
20191227 123000,1.30655,1.30714,1.30543,1.30704,17255
20191227 133000,1.30704,1.30736,1.30618,1.30695,14276
20191227 143000,1.30695,1.30794,1.30619,1.30783,13014
20191227 153000,1.30783,1.3101,1.30781,1.30953,16483
20191227 163000,1.30953,1.31063,1.30806,1.30876,18149
20191227 173000,1.30876,1.31077,1.3086,1.31046,13549
20191227 183000,1.31046,1.31175,1.30876,1.30937,22150
20191227 193000,1.30937,1.31016,1.30832,1.30894,16266
20191227 203000,1.30894,1.30971,1.30861,1.30924,9694
20191227 213000,1.30924,1.30991,1.309,1.30971,8535
20191227 223000,1.30971,1.31002,1.30848,1.30951,10956
20191227 233000,1.30951,1.30952,1.30737,1.30751,7837
20191228 003000,1.30751,1.30883,1.30727,1.30847,2975
20191229 223000,1.30847,1.30945,1.30847,1.3092,2
20191229 233000,1.3092,1.30945,1.30869,1.30921,5
20191230 003000,1.30921,1.30948,1.30892,1.3092,3
20191230 013000,1.3092,1.30951,1.30692,1.30779,333
20191230 023000,1.30779,1.30982,1.30754,1.30903,4339
20191230 033000,1.30903,1.30998,1.30898,1.30969,5560
20191230 043000,1.30969,1.31081,1.30952,1.31068,5067
20191230 053000,1.31068,1.31247,1.31055,1.31225,5565
20191230 063000,1.31225,1.31252,1.31094,1.31179,6918
20191230 073000,1.31179,1.31179,1.31099,1.31109,3469
20191230 083000,1.31109,1.3125,1.31075,1.31188,3855
20191230 093000,1.31188,1.31226,1.31019,1.31098,4316
20191230 103000,1.31098,1.31257,1.31033,1.3121,10011
20191230 113000,1.3121,1.31211,1.30861,1.30924,16123
20191230 123000,1.30924,1.31214,1.30855,1.31186,11296
20191230 133000,1.31186,1.31248,1.3105,1.31183,10543
20191230 143000,1.31183,1.31251,1.31137,1.31216,10379
20191230 153000,1.31216,1.31358,1.31193,1.31316,11771
20191230 163000,1.31316,1.31344,1.31141,1.31256,13744
20191230 173000,1.31256,1.31507,1.31243,1.3144,16980
20191230 183000,1.3144,1.31447,1.31082,1.31146,20492
20191230 193000,1.31146,1.31446,1.31146,1.31397,16169
20191230 203000,1.31397,1.31474,1.31123,1.31185,14941
20191230 213000,1.31185,1.31296,1.31125,1.31205,8273
20191230 223000,1.31205,1.31249,1.31121,1.31154,10416
20191230 233000,1.31154,1.31158,1.3102,1.31036,10110
20191231 003000,1.31036,1.31125,1.31026,1.31119,4328
20191231 013000,1.31119,1.3122,1.31064,1.31202,6528
20191231 023000,1.31202,1.3123,1.31098,1.31113,3913
20191231 033000,1.31113,1.31193,1.31109,1.31144,3811
20191231 043000,1.31144,1.31251,1.31143,1.31246,3904
20191231 053000,1.31246,1.31362,1.31241,1.31289,4581
20191231 063000,1.31289,1.31306,1.31247,1.31267,2928
20191231 073000,1.31267,1.3128,1.31204,1.31204,1868
20191231 083000,1.31204,1.31204,1.31123,1.31165,4004
20191231 093000,1.31165,1.3117,1.31138,1.31151,2104
20191231 103000,1.31151,1.31387,1.31057,1.31384,8995
20191231 113000,1.31384,1.31396,1.31184,1.31372,14790
20191231 123000,1.31372,1.31641,1.31318,1.31587,14728
20191231 133000,1.31587,1.3176,1.31506,1.31747,19054
20191231 143000,1.31747,1.32109,1.31688,1.32093,27846
20191231 153000,1.32093,1.32113,1.31895,1.31941,16798
20191231 163000,1.31941,1.32175,1.31918,1.32152,12329
20191231 173000,1.32152,1.32174,1.32006,1.32147,15000
20191231 183000,1.32147,1.32496,1.32123,1.32435,27006
20191231 193000,1.32435,1.32844,1.32284,1.32681,26887
20191231 203000,1.32681,1.32725,1.32589,1.32625,14655
20191231 213000,1.32625,1.32664,1.32514,1.32521,6104
20191231 223000,1.32521,1.32522,1.32506,1.32507,87
20200102 093000,1.32507,1.32507,1.32189,1.32209,69
20200102 103000,1.32209,1.32297,1.32098,1.32198,14816
20200102 113000,1.32198,1.32308,1.32092,1.32218,18600
20200102 123000,1.32218,1.32273,1.32101,1.32145,10431
20200102 133000,1.32145,1.32151,1.32052,1.32114,10946
20200102 143000,1.32114,1.32117,1.31889,1.31995,14229
20200102 153000,1.31995,1.3213,1.31907,1.31973,12972
20200102 163000,1.31973,1.31973,1.31714,1.31766,16624
20200102 173000,1.31766,1.31778,1.31357,1.31476,19498
20200102 183000,1.31476,1.31948,1.31456,1.31895,22381
20200102 193000,1.31895,1.31899,1.31238,1.31271,22362
20200102 203000,1.31271,1.31348,1.31157,1.31345,17532
20200102 213000,1.31345,1.3144,1.31252,1.31399,14338
20200102 223000,1.31399,1.31409,1.31281,1.31291,13392
20200102 233000,1.31291,1.31458,1.31289,1.3139,9952
20200103 003000,1.3139,1.31458,1.31352,1.31403,3545
20200103 013000,1.31403,1.31488,1.31346,1.31396,457
20200103 023000,1.31396,1.31485,1.3133,1.31472,8090
20200103 033000,1.31472,1.31573,1.31402,1.31552,5680
20200103 043000,1.31552,1.31604,1.31348,1.31386,7774
20200103 053000,1.31386,1.31439,1.31229,1.31281,11238
20200103 063000,1.31281,1.31381,1.31272,1.31363,10837
20200103 073000,1.31363,1.31377,1.31248,1.31261,6000
20200103 083000,1.31261,1.31294,1.3116,1.31213,6472
20200103 093000,1.31213,1.31242,1.3105,1.31236,6947
20200103 103000,1.31236,1.31237,1.30829,1.30917,20371
20200103 113000,1.30917,1.31181,1.30868,1.30981,21641
20200103 123000,1.30981,1.31009,1.30668,1.30681,24587
20200103 133000,1.30681,1.30883,1.3068,1.30786,17180
20200103 143000,1.30786,1.3079,1.30534,1.30589,14887
20200103 153000,1.30589,1.30825,1.30541,1.30804,14519
20200103 163000,1.30804,1.311,1.30721,1.30724,13606
20200103 173000,1.30724,1.30899,1.30683,1.30707,17233
20200103 183000,1.30707,1.30944,1.30693,1.30717,21845
20200103 193000,1.30717,1.30992,1.30695,1.30899,15097
20200103 203000,1.30899,1.30941,1.30805,1.30885,13425
20200103 213000,1.30885,1.30903,1.30729,1.30854,15289
20200103 223000,1.30854,1.30873,1.30744,1.30787,17517
20200103 233000,1.30787,1.30793,1.30719,1.30735,6434
20200104 003000,1.30735,1.308,1.30709,1.30791,6907
20200105 233000,1.30791,1.30856,1.30752,1.30752,30
20200106 003000,1.30752,1.30867,1.307,1.30861,45
20200106 013000,1.30861,1.30887,1.30672,1.30731,593
20200106 023000,1.30731,1.3085,1.30642,1.30774,7572
20200106 033000,1.30774,1.30883,1.3077,1.308,5225
20200106 043000,1.308,1.30817,1.30754,1.30793,4099
20200106 053000,1.30793,1.30885,1.30792,1.30875,2076
20200106 063000,1.30875,1.30906,1.30811,1.30822,3149
20200106 073000,1.30822,1.30871,1.30812,1.30843,2074
20200106 083000,1.30843,1.30861,1.308,1.30812,2373
20200106 093000,1.30812,1.30835,1.30687,1.30829,7212
20200106 103000,1.30829,1.30948,1.307,1.30733,16951
20200106 113000,1.30733,1.31087,1.30642,1.31059,21737
20200106 123000,1.31059,1.31486,1.31032,1.31432,27412
20200106 133000,1.31432,1.31736,1.31379,1.31525,23560
20200106 143000,1.31525,1.31746,1.3151,1.31569,16009
20200106 153000,1.31569,1.31571,1.31385,1.31386,12045
20200106 163000,1.31386,1.31491,1.31346,1.31407,11861
20200106 173000,1.31407,1.31613,1.31333,1.31368,14546
20200106 183000,1.31368,1.31626,1.31337,1.31588,15872
20200106 193000,1.31588,1.31699,1.3152,1.31625,11889
20200106 203000,1.31625,1.31746,1.31564,1.31594,10292
20200106 213000,1.31594,1.31679,1.31578,1.31578,7551
20200106 223000,1.31578,1.31644,1.31555,1.31632,7107
20200106 233000,1.31632,1.31677,1.31593,1.31663,5111
20200107 003000,1.31663,1.31703,1.31642,1.31699,2746
20200107 013000,1.31699,1.31794,1.31665,1.31762,1015
20200107 023000,1.31762,1.31769,1.31684,1.31719,6312
20200107 033000,1.31719,1.31771,1.31695,1.31732,4692
20200107 043000,1.31732,1.31777,1.31704,1.31719,3590
20200107 053000,1.31719,1.31728,1.31686,1.31697,2354
20200107 063000,1.31697,1.31761,1.31686,1.31737,2894
20200107 073000,1.31737,1.31758,1.31696,1.31712,4400
20200107 083000,1.31712,1.31727,1.31536,1.31543,2947
20200107 093000,1.31543,1.3163,1.31482,1.3156,8396
20200107 103000,1.3156,1.31622,1.31412,1.31438,13832
20200107 113000,1.31438,1.32125,1.31431,1.31884,28977
20200107 123000,1.31884,1.31976,1.31675,1.31733,18507
20200107 133000,1.31733,1.31739,1.31455,1.31606,22513
20200107 143000,1.31606,1.31645,1.31455,1.31472,14092
20200107 153000,1.31472,1.31479,1.31103,1.31208,23583
20200107 163000,1.31208,1.31237,1.31023,1.31183,20768
20200107 173000,1.31183,1.31361,1.31047,1.31058,18282
20200107 183000,1.31058,1.31246,1.30952,1.31214,21244
20200107 193000,1.31214,1.31328,1.31064,1.3126,13527
20200107 203000,1.3126,1.31397,1.31223,1.31277,12400
20200107 213000,1.31277,1.31375,1.31248,1.31253,9300
20200107 223000,1.31253,1.31273,1.31185,1.31204,12907
20200107 233000,1.31204,1.31237,1.31166,1.31181,6624
20200108 003000,1.31181,1.31246,1.31135,1.31232,5039
20200108 013000,1.31232,1.31285,1.31094,1.31186,969
20200108 023000,1.31186,1.31218,1.31052,1.31141,5453
20200108 033000,1.31141,1.31201,1.31071,1.31122,13274
20200108 043000,1.31122,1.31212,1.31114,1.31172,10106
20200108 053000,1.31172,1.31403,1.31172,1.31332,10211
20200108 063000,1.31332,1.31395,1.31239,1.3131,7337
20200108 073000,1.3131,1.31348,1.31186,1.31213,5162
20200108 083000,1.31213,1.31246,1.31163,1.31178,5681
20200108 093000,1.31178,1.31342,1.31176,1.31302,5968
20200108 103000,1.31302,1.31628,1.31267,1.31525,18237
20200108 113000,1.31525,1.31699,1.3139,1.31661,30685
20200108 123000,1.31661,1.31696,1.311,1.31202,22032
20200108 133000,1.31202,1.31362,1.30917,1.31201,28338
20200108 143000,1.31201,1.31247,1.30991,1.31088,20368
20200108 153000,1.31088,1.31199,1.30804,1.3093,21747
20200108 163000,1.3093,1.31252,1.30858,1.3122,20036
20200108 173000,1.3122,1.31395,1.31198,1.31256,17407
20200108 183000,1.31256,1.31338,1.30874,1.31006,18771
20200108 193000,1.31006,1.31092,1.3083,1.31088,22147
20200108 203000,1.31088,1.31173,1.31011,1.31051,16349
20200108 213000,1.31051,1.31065,1.30963,1.31033,8244
20200108 223000,1.31033,1.31033,1.30975,1.31009,9222
20200108 233000,1.31009,1.31033,1.30974,1.30979,6592
20200109 003000,1.30979,1.30997,1.30925,1.30953,3982
20200109 013000,1.30953,1.31046,1.30931,1.31009,1222
20200109 023000,1.31009,1.31062,1.30967,1.31056,3305
20200109 033000,1.31056,1.31123,1.31033,1.31098,6737
20200109 043000,1.31098,1.31144,1.31045,1.31123,4746
20200109 053000,1.31123,1.31124,1.31043,1.3109,2639
20200109 063000,1.3109,1.31115,1.31059,1.3106,2259
20200109 073000,1.3106,1.31091,1.31049,1.31091,2253
20200109 083000,1.31091,1.31192,1.3109,1.31168,2612
20200109 093000,1.31168,1.3124,1.3108,1.31111,4558
20200109 103000,1.31111,1.3119,1.31012,1.31141,12418
20200109 113000,1.31141,1.31141,1.30848,1.30877,19797
20200109 123000,1.30877,1.30919,1.30176,1.30272,41573
20200109 133000,1.30272,1.30437,1.30194,1.30429,23719
20200109 143000,1.30429,1.30516,1.30136,1.30196,19399
20200109 153000,1.30196,1.3041,1.30128,1.30375,19898
20200109 163000,1.30375,1.30695,1.30222,1.30525,19352
20200109 173000,1.30525,1.30586,1.30368,1.30493,16043
20200109 183000,1.30493,1.30541,1.30334,1.30488,13601
20200109 193000,1.30488,1.30692,1.30436,1.30685,13868
20200109 203000,1.30685,1.30688,1.30608,1.30616,7450
20200109 213000,1.30616,1.30641,1.30551,1.30554,17277
20200109 223000,1.30554,1.30595,1.30541,1.30572,6730
20200109 233000,1.30572,1.30675,1.3057,1.30664,6206
20200110 003000,1.30664,1.30683,1.30626,1.30676,1837
20200110 013000,1.30676,1.30689,1.30643,1.30685,857
20200110 023000,1.30685,1.30713,1.3067,1.30696,3475
20200110 033000,1.30696,1.30727,1.3066,1.30683,4528
20200110 043000,1.30683,1.30696,1.30599,1.30637,3323
20200110 053000,1.30637,1.30669,1.30605,1.30659,2506
20200110 063000,1.30659,1.3069,1.30655,1.30686,1581
20200110 073000,1.30686,1.30821,1.30665,1.30765,3540
20200110 083000,1.30765,1.30836,1.30729,1.30824,3164
20200110 093000,1.30824,1.30917,1.30805,1.30848,3902
20200110 103000,1.30848,1.30872,1.30555,1.30598,10239
20200110 113000,1.30598,1.30719,1.30484,1.30667,17968
20200110 123000,1.30667,1.30888,1.30511,1.30679,27652
20200110 133000,1.30679,1.30728,1.30505,1.30564,19711
20200110 143000,1.30564,1.30807,1.30541,1.30734,13995
20200110 153000,1.30734,1.30884,1.30717,1.30844,11606
20200110 163000,1.30844,1.30974,1.30648,1.30698,23628
20200110 173000,1.30698,1.30732,1.30559,1.3065,19943
20200110 183000,1.3065,1.30781,1.30571,1.30611,19432
20200110 193000,1.30611,1.30625,1.30425,1.30588,15859
20200110 203000,1.30588,1.30699,1.3052,1.30616,11320
20200110 213000,1.30616,1.30638,1.30543,1.30553,6568
20200110 223000,1.30553,1.30631,1.30536,1.30621,6490
20200110 233000,1.30621,1.30625,1.30537,1.30558,6316
20200111 003000,1.30558,1.30674,1.3054,1.30634,4388
20200112 223000,1.30634,1.30634,1.30199,1.30278,45
20200112 233000,1.30278,1.30311,1.3025,1.30292,49
20200113 003000,1.30292,1.30387,1.30282,1.30359,378
20200113 013000,1.30359,1.30437,1.30336,1.30372,1722
20200113 023000,1.30372,1.30447,1.30341,1.30437,3027
20200113 033000,1.30437,1.30452,1.30362,1.30373,3103
20200113 043000,1.30373,1.30393,1.30324,1.30393,3664
20200113 053000,1.30393,1.30395,1.30332,1.30346,2899
20200113 063000,1.30346,1.30402,1.30313,1.30393,3077
20200113 073000,1.30393,1.30415,1.30362,1.30363,3008
20200113 083000,1.30363,1.30364,1.30256,1.30327,3495
20200113 093000,1.30327,1.30331,1.3022,1.30275,3979
20200113 103000,1.30275,1.30276,1.29952,1.30013,17057
20200113 113000,1.30013,1.3008,1.29853,1.30017,17731
20200113 123000,1.30017,1.30082,1.29655,1.29728,25371
20200113 133000,1.29728,1.29943,1.29613,1.29845,15995
20200113 143000,1.29845,1.29892,1.29653,1.29653,14152
20200113 153000,1.29653,1.29799,1.29612,1.29763,14049
20200113 163000,1.29763,1.29927,1.29709,1.29844,17189
20200113 173000,1.29844,1.29991,1.29811,1.2995,22204
20200113 183000,1.2995,1.2995,1.29754,1.29786,21956
20200113 193000,1.29786,1.2991,1.29753,1.29834,13104
20200113 203000,1.29834,1.29976,1.2979,1.29954,9122
20200113 213000,1.29954,1.29975,1.29903,1.29963,7215
20200113 223000,1.29963,1.29966,1.29941,1.29958,2301
